concept_name,concept_namespace,dataset_name,study_name,variable_name
hhnrakt,k2id-soep,k2id_parent,k2id-soep,hhnrakt
persnr,k2id-soep,k2id_parent,k2id-soep,persnr
parnr,k2id-soep,k2id_parent,k2id-soep,parnr
welle,k2id-soep,k2id_parent,k2id-soep,welle
kwave,k2id-soep,k2id_parent,k2id-soep,kwave
delay,k2id-soep,k2id_parent,k2id-soep,delay
study,k2id-soep,k2id_parent,k2id-soep,study
kversion,k2id-soep,k2id_parent,k2id-soep,kversion
pnr,k2id-soep,k2id_parent,k2id-soep,pnr
kihbpnr,k2id-soep,k2id_parent,k2id-soep,kihbpnr
kdaty,k2id-soep,k2id_parent,k2id-soep,kdaty
kdatm,k2id-soep,k2id_parent,k2id-soep,kdatm
kdatd,k2id-soep,k2id_parent,k2id-soep,kdatd
kitaid,k2id-soep,k2id_parent,k2id-soep,kitaid
kigrid,k2id-soep,k2id_parent,k2id-soep,kigrid
kitak0101,k2id-soep,k2id_parent,k2id-soep,kitak0101
kitak0102,k2id-soep,k2id_parent,k2id-soep,kitak0102
kitak0103,k2id-soep,k2id_parent,k2id-soep,kitak0103
kitak0104,k2id-soep,k2id_parent,k2id-soep,kitak0104
kitak0105,k2id-soep,k2id_parent,k2id-soep,kitak0105
kitak0106,k2id-soep,k2id_parent,k2id-soep,kitak0106
kitak0107,k2id-soep,k2id_parent,k2id-soep,kitak0107
kitak0201,k2id-soep,k2id_parent,k2id-soep,kitak0201
kitak0202,k2id-soep,k2id_parent,k2id-soep,kitak0202
kitak0203,k2id-soep,k2id_parent,k2id-soep,kitak0203
kitak0204,k2id-soep,k2id_parent,k2id-soep,kitak0204
kitak0205,k2id-soep,k2id_parent,k2id-soep,kitak0205
kitak03,k2id-soep,k2id_parent,k2id-soep,kitak03
kitak0401,k2id-soep,k2id_parent,k2id-soep,kitak0401
kitak0402,k2id-soep,k2id_parent,k2id-soep,kitak0402
kitak0501,k2id-soep,k2id_parent,k2id-soep,kitak0501
kitak0502,k2id-soep,k2id_parent,k2id-soep,kitak0502
kitak0601,k2id-soep,k2id_parent,k2id-soep,kitak0601
kitak0602,k2id-soep,k2id_parent,k2id-soep,kitak0602
kitak0801,k2id-soep,k2id_parent,k2id-soep,kitak0801
kitak0802,k2id-soep,k2id_parent,k2id-soep,kitak0802
kitak0803,k2id-soep,k2id_parent,k2id-soep,kitak0803
kitak0804,k2id-soep,k2id_parent,k2id-soep,kitak0804
kitak0901,k2id-soep,k2id_parent,k2id-soep,kitak0901
kitak0902,k2id-soep,k2id_parent,k2id-soep,kitak0902
kitak1001,k2id-soep,k2id_parent,k2id-soep,kitak1001
kitak1002,k2id-soep,k2id_parent,k2id-soep,kitak1002
kitak1003,k2id-soep,k2id_parent,k2id-soep,kitak1003
kitak1004,k2id-soep,k2id_parent,k2id-soep,kitak1004
kitak1005,k2id-soep,k2id_parent,k2id-soep,kitak1005
kitak1006,k2id-soep,k2id_parent,k2id-soep,kitak1006
kitak1007,k2id-soep,k2id_parent,k2id-soep,kitak1007
kitak1008,k2id-soep,k2id_parent,k2id-soep,kitak1008
kitak1009,k2id-soep,k2id_parent,k2id-soep,kitak1009
kitak1010,k2id-soep,k2id_parent,k2id-soep,kitak1010
kitak1101,k2id-soep,k2id_parent,k2id-soep,kitak1101
kitak1102,k2id-soep,k2id_parent,k2id-soep,kitak1102
kitak1103,k2id-soep,k2id_parent,k2id-soep,kitak1103
kitak1104,k2id-soep,k2id_parent,k2id-soep,kitak1104
kitak1201,k2id-soep,k2id_parent,k2id-soep,kitak1201
kitak1202,k2id-soep,k2id_parent,k2id-soep,kitak1202
kitak1203,k2id-soep,k2id_parent,k2id-soep,kitak1203
kitak1204,k2id-soep,k2id_parent,k2id-soep,kitak1204
kitak1205,k2id-soep,k2id_parent,k2id-soep,kitak1205
kitak1301,k2id-soep,k2id_parent,k2id-soep,kitak1301
kitak1302,k2id-soep,k2id_parent,k2id-soep,kitak1302
kitak1303,k2id-soep,k2id_parent,k2id-soep,kitak1303
kitak1304,k2id-soep,k2id_parent,k2id-soep,kitak1304
kitak1305,k2id-soep,k2id_parent,k2id-soep,kitak1305
kitak1306,k2id-soep,k2id_parent,k2id-soep,kitak1306
kitak1307,k2id-soep,k2id_parent,k2id-soep,kitak1307
kitak1308,k2id-soep,k2id_parent,k2id-soep,kitak1308
kitak1309,k2id-soep,k2id_parent,k2id-soep,kitak1309
kitak1310,k2id-soep,k2id_parent,k2id-soep,kitak1310
kitak1311,k2id-soep,k2id_parent,k2id-soep,kitak1311
kitak1401,k2id-soep,k2id_parent,k2id-soep,kitak1401
kitak1402,k2id-soep,k2id_parent,k2id-soep,kitak1402
kitak1403,k2id-soep,k2id_parent,k2id-soep,kitak1403
kitak1404,k2id-soep,k2id_parent,k2id-soep,kitak1404
kitak1405,k2id-soep,k2id_parent,k2id-soep,kitak1405
kitak1406,k2id-soep,k2id_parent,k2id-soep,kitak1406
kitak1407,k2id-soep,k2id_parent,k2id-soep,kitak1407
kitak1408,k2id-soep,k2id_parent,k2id-soep,kitak1408
kitak1409,k2id-soep,k2id_parent,k2id-soep,kitak1409
kitak1410,k2id-soep,k2id_parent,k2id-soep,kitak1410
kitak1411,k2id-soep,k2id_parent,k2id-soep,kitak1411
kitak1412,k2id-soep,k2id_parent,k2id-soep,kitak1412
kitak1413,k2id-soep,k2id_parent,k2id-soep,kitak1413
kitak1414,k2id-soep,k2id_parent,k2id-soep,kitak1414
kitak1415,k2id-soep,k2id_parent,k2id-soep,kitak1415
kitak1416,k2id-soep,k2id_parent,k2id-soep,kitak1416
kitak1417,k2id-soep,k2id_parent,k2id-soep,kitak1417
kitak1418,k2id-soep,k2id_parent,k2id-soep,kitak1418
kitak1419,k2id-soep,k2id_parent,k2id-soep,kitak1419
kitak1420,k2id-soep,k2id_parent,k2id-soep,kitak1420
kitak1421,k2id-soep,k2id_parent,k2id-soep,kitak1421
kitak1501a,k2id-soep,k2id_parent,k2id-soep,kitak1501a
kitak1501b,k2id-soep,k2id_parent,k2id-soep,kitak1501b
kitak1502a,k2id-soep,k2id_parent,k2id-soep,kitak1502a
kitak1502b,k2id-soep,k2id_parent,k2id-soep,kitak1502b
kitak1503a,k2id-soep,k2id_parent,k2id-soep,kitak1503a
kitak1503b,k2id-soep,k2id_parent,k2id-soep,kitak1503b
kitak1504a,k2id-soep,k2id_parent,k2id-soep,kitak1504a
kitak1504b,k2id-soep,k2id_parent,k2id-soep,kitak1504b
kitak1505a,k2id-soep,k2id_parent,k2id-soep,kitak1505a
kitak1505b,k2id-soep,k2id_parent,k2id-soep,kitak1505b
kitak1506a,k2id-soep,k2id_parent,k2id-soep,kitak1506a
kitak1506b,k2id-soep,k2id_parent,k2id-soep,kitak1506b
kitak1507a,k2id-soep,k2id_parent,k2id-soep,kitak1507a
kitak1507b,k2id-soep,k2id_parent,k2id-soep,kitak1507b
kitak1601,k2id-soep,k2id_parent,k2id-soep,kitak1601
kitak1701,k2id-soep,k2id_parent,k2id-soep,kitak1701
kitak1702,k2id-soep,k2id_parent,k2id-soep,kitak1702
kitak1801,k2id-soep,k2id_parent,k2id-soep,kitak1801
kitak1802,k2id-soep,k2id_parent,k2id-soep,kitak1802
kitak1901,k2id-soep,k2id_parent,k2id-soep,kitak1901
kitak1902,k2id-soep,k2id_parent,k2id-soep,kitak1902
kitak2001a,k2id-soep,k2id_parent,k2id-soep,kitak2001a
kitak2001b,k2id-soep,k2id_parent,k2id-soep,kitak2001b
kitak2002a,k2id-soep,k2id_parent,k2id-soep,kitak2002a
kitak2002b,k2id-soep,k2id_parent,k2id-soep,kitak2002b
kitak2003a,k2id-soep,k2id_parent,k2id-soep,kitak2003a
kitak2003b,k2id-soep,k2id_parent,k2id-soep,kitak2003b
kitak2101,k2id-soep,k2id_parent,k2id-soep,kitak2101
kitak2201,k2id-soep,k2id_parent,k2id-soep,kitak2201
kitak2202,k2id-soep,k2id_parent,k2id-soep,kitak2202
kitak2203,k2id-soep,k2id_parent,k2id-soep,kitak2203
kitak2204,k2id-soep,k2id_parent,k2id-soep,kitak2204
kitak2205,k2id-soep,k2id_parent,k2id-soep,kitak2205
kitak2206,k2id-soep,k2id_parent,k2id-soep,kitak2206
kitak2207,k2id-soep,k2id_parent,k2id-soep,kitak2207
kitak2208,k2id-soep,k2id_parent,k2id-soep,kitak2208
kitak2209,k2id-soep,k2id_parent,k2id-soep,kitak2209
kitak2210,k2id-soep,k2id_parent,k2id-soep,kitak2210
kitak23,k2id-soep,k2id_parent,k2id-soep,kitak23
kitak24,k2id-soep,k2id_parent,k2id-soep,kitak24
kitak25,k2id-soep,k2id_parent,k2id-soep,kitak25
hhnrakt,k2id-soep,k2id_brutto,k2id-soep,hhnrakt
persnr,k2id-soep,k2id_brutto,k2id-soep,persnr
kitaid,k2id-soep,k2id_brutto,k2id-soep,kitaid
kigrid,k2id-soep,k2id_brutto,k2id-soep,kigrid
kitagnr,k2id-soep,k2id_brutto,k2id-soep,kitagnr
welle,k2id-soep,k2id_brutto,k2id-soep,welle
kwave,k2id-soep,k2id_brutto,k2id-soep,kwave
iwave,k2id-soep,k2id_brutto,k2id-soep,iwave
subs,k2id-soep,k2id_brutto,k2id-soep,subs
subsam2,k2id-soep,k2id_brutto,k2id-soep,subsam2
wpar,k2id-soep,k2id_brutto,k2id-soep,wpar
wkita,k2id-soep,k2id_brutto,k2id-soep,wkita
ecec,k2id-soep,k2id_brutto,k2id-soep,ecec
kpretest,k2id-soep,k2id_brutto,k2id-soep,kpretest
kpretestp,k2id-soep,k2id_brutto,k2id-soep,kpretestp
kpretesth,k2id-soep,k2id_brutto,k2id-soep,kpretesth
kform,k2id-soep,k2id_brutto,k2id-soep,kform
kresultp,k2id-soep,k2id_brutto,k2id-soep,kresultp
kresultq,k2id-soep,k2id_brutto,k2id-soep,kresultq
kitadr,k2id-soep,k2id_brutto,k2id-soep,kitadr
khform1,k2id-soep,k2id_brutto,k2id-soep,khform1
khresult1,k2id-soep,k2id_brutto,k2id-soep,khresult1
khform,k2id-soep,k2id_brutto,k2id-soep,khform
khresult,k2id-soep,k2id_brutto,k2id-soep,khresult
khpsteps,k2id-soep,k2id_brutto,k2id-soep,khpsteps
kintd,k2id-soep,k2id_brutto,k2id-soep,kintd
kintm,k2id-soep,k2id_brutto,k2id-soep,kintm
kinty,k2id-soep,k2id_brutto,k2id-soep,kinty
iresult,k2id-soep,k2id_brutto,k2id-soep,iresult
idirq,k2id-soep,k2id_brutto,k2id-soep,idirq
igresult,k2id-soep,k2id_brutto,k2id-soep,igresult
igrinfo,k2id-soep,k2id_brutto,k2id-soep,igrinfo
ipretest,k2id-soep,k2id_brutto,k2id-soep,ipretest
ipretestr,k2id-soep,k2id_brutto,k2id-soep,ipretestr
imailm,k2id-soep,k2id_brutto,k2id-soep,imailm
itranch,k2id-soep,k2id_brutto,k2id-soep,itranch
iform,k2id-soep,k2id_brutto,k2id-soep,iform
icati1,k2id-soep,k2id_brutto,k2id-soep,icati1
icati1r,k2id-soep,k2id_brutto,k2id-soep,icati1r
icati2,k2id-soep,k2id_brutto,k2id-soep,icati2
inonrsp,k2id-soep,k2id_brutto,k2id-soep,inonrsp
inonrspr,k2id-soep,k2id_brutto,k2id-soep,inonrspr
icompq,k2id-soep,k2id_brutto,k2id-soep,icompq
icompqr,k2id-soep,k2id_brutto,k2id-soep,icompqr
icompqi,k2id-soep,k2id_brutto,k2id-soep,icompqi
icompqi2,k2id-soep,k2id_brutto,k2id-soep,icompqi2
iintd,k2id-soep,k2id_brutto,k2id-soep,iintd
iintm,k2id-soep,k2id_brutto,k2id-soep,iintm
iinty,k2id-soep,k2id_brutto,k2id-soep,iinty
ibula,k2id-soep,k2id_brutto,k2id-soep,ibula
kitaid,k2id-soep,k2id_educator,k2id-soep,kitaid
kigrid,k2id-soep,k2id_educator,k2id-soep,kigrid
kitagnr,k2id-soep,k2id_educator,k2id-soep,kitagnr
iwave,k2id-soep,k2id_educator,k2id-soep,iwave
idaty,k2id-soep,k2id_educator,k2id-soep,idaty
idatm,k2id-soep,k2id_educator,k2id-soep,idatm
idatd,k2id-soep,k2id_educator,k2id-soep,idatd
glform,k2id-soep,k2id_educator,k2id-soep,glform
ecomp,k2id-soep,k2id_educator,k2id-soep,ecomp
kitae01,k2id-soep,k2id_educator,k2id-soep,kitae01
kitae0201,k2id-soep,k2id_educator,k2id-soep,kitae0201
kitae0202,k2id-soep,k2id_educator,k2id-soep,kitae0202
kitae0203,k2id-soep,k2id_educator,k2id-soep,kitae0203
kitae0204,k2id-soep,k2id_educator,k2id-soep,kitae0204
kitae0205,k2id-soep,k2id_educator,k2id-soep,kitae0205
kitae0301a,k2id-soep,k2id_educator,k2id-soep,kitae0301a
kitae0301b,k2id-soep,k2id_educator,k2id-soep,kitae0301b
kitae0301c,k2id-soep,k2id_educator,k2id-soep,kitae0301c
kitae0301d,k2id-soep,k2id_educator,k2id-soep,kitae0301d
kitae0302a,k2id-soep,k2id_educator,k2id-soep,kitae0302a
kitae0302b,k2id-soep,k2id_educator,k2id-soep,kitae0302b
kitae0302c,k2id-soep,k2id_educator,k2id-soep,kitae0302c
kitae0302d,k2id-soep,k2id_educator,k2id-soep,kitae0302d
kitae0302e,k2id-soep,k2id_educator,k2id-soep,kitae0302e
kitae0303a,k2id-soep,k2id_educator,k2id-soep,kitae0303a
kitae0303b,k2id-soep,k2id_educator,k2id-soep,kitae0303b
kitae0303c,k2id-soep,k2id_educator,k2id-soep,kitae0303c
kitae0303d,k2id-soep,k2id_educator,k2id-soep,kitae0303d
kitae0303e,k2id-soep,k2id_educator,k2id-soep,kitae0303e
kitae0304a,k2id-soep,k2id_educator,k2id-soep,kitae0304a
kitae0304b,k2id-soep,k2id_educator,k2id-soep,kitae0304b
kitae0304c,k2id-soep,k2id_educator,k2id-soep,kitae0304c
kitae0304d,k2id-soep,k2id_educator,k2id-soep,kitae0304d
kitae0304e,k2id-soep,k2id_educator,k2id-soep,kitae0304e
kitae0401a,k2id-soep,k2id_educator,k2id-soep,kitae0401a
kitae0401b,k2id-soep,k2id_educator,k2id-soep,kitae0401b
kitae0402a,k2id-soep,k2id_educator,k2id-soep,kitae0402a
kitae0402b,k2id-soep,k2id_educator,k2id-soep,kitae0402b
kitae0403a,k2id-soep,k2id_educator,k2id-soep,kitae0403a
kitae0403b,k2id-soep,k2id_educator,k2id-soep,kitae0403b
kitae05,k2id-soep,k2id_educator,k2id-soep,kitae05
kitae0601,k2id-soep,k2id_educator,k2id-soep,kitae0601
kitae0602,k2id-soep,k2id_educator,k2id-soep,kitae0602
kitae0603,k2id-soep,k2id_educator,k2id-soep,kitae0603
kitae0701,k2id-soep,k2id_educator,k2id-soep,kitae0701
kitae0702,k2id-soep,k2id_educator,k2id-soep,kitae0702
kitae0703,k2id-soep,k2id_educator,k2id-soep,kitae0703
kitae0704,k2id-soep,k2id_educator,k2id-soep,kitae0704
kitae0705,k2id-soep,k2id_educator,k2id-soep,kitae0705
kitae0801,k2id-soep,k2id_educator,k2id-soep,kitae0801
kitae0802,k2id-soep,k2id_educator,k2id-soep,kitae0802
kitae09,k2id-soep,k2id_educator,k2id-soep,kitae09
kitae1001,k2id-soep,k2id_educator,k2id-soep,kitae1001
kitae1001a,k2id-soep,k2id_educator,k2id-soep,kitae1001a
kitae1002,k2id-soep,k2id_educator,k2id-soep,kitae1002
kitae1002a,k2id-soep,k2id_educator,k2id-soep,kitae1002a
kitae1003,k2id-soep,k2id_educator,k2id-soep,kitae1003
kitae1003a,k2id-soep,k2id_educator,k2id-soep,kitae1003a
kitae1004,k2id-soep,k2id_educator,k2id-soep,kitae1004
kitae1004a,k2id-soep,k2id_educator,k2id-soep,kitae1004a
kitae1005,k2id-soep,k2id_educator,k2id-soep,kitae1005
kitae1005a,k2id-soep,k2id_educator,k2id-soep,kitae1005a
kitae1006,k2id-soep,k2id_educator,k2id-soep,kitae1006
kitae1006a,k2id-soep,k2id_educator,k2id-soep,kitae1006a
kitae1007,k2id-soep,k2id_educator,k2id-soep,kitae1007
kitae1007a,k2id-soep,k2id_educator,k2id-soep,kitae1007a
kitae1008,k2id-soep,k2id_educator,k2id-soep,kitae1008
kitae1008a,k2id-soep,k2id_educator,k2id-soep,kitae1008a
kitae1009,k2id-soep,k2id_educator,k2id-soep,kitae1009
kitae1009a,k2id-soep,k2id_educator,k2id-soep,kitae1009a
kitae1010,k2id-soep,k2id_educator,k2id-soep,kitae1010
kitae1010a,k2id-soep,k2id_educator,k2id-soep,kitae1010a
kitae1011,k2id-soep,k2id_educator,k2id-soep,kitae1011
kitae1011a,k2id-soep,k2id_educator,k2id-soep,kitae1011a
kitae1012,k2id-soep,k2id_educator,k2id-soep,kitae1012
kitae1012a,k2id-soep,k2id_educator,k2id-soep,kitae1012a
kitae1013,k2id-soep,k2id_educator,k2id-soep,kitae1013
kitae1013a,k2id-soep,k2id_educator,k2id-soep,kitae1013a
kitae1014,k2id-soep,k2id_educator,k2id-soep,kitae1014
kitae1014a,k2id-soep,k2id_educator,k2id-soep,kitae1014a
kitae1101,k2id-soep,k2id_educator,k2id-soep,kitae1101
kitae1102,k2id-soep,k2id_educator,k2id-soep,kitae1102
kitae1103,k2id-soep,k2id_educator,k2id-soep,kitae1103
kitae1104,k2id-soep,k2id_educator,k2id-soep,kitae1104
kitae1105,k2id-soep,k2id_educator,k2id-soep,kitae1105
kitae1106,k2id-soep,k2id_educator,k2id-soep,kitae1106
kitae1107,k2id-soep,k2id_educator,k2id-soep,kitae1107
kitae1108,k2id-soep,k2id_educator,k2id-soep,kitae1108
kitae1109,k2id-soep,k2id_educator,k2id-soep,kitae1109
kitae1110,k2id-soep,k2id_educator,k2id-soep,kitae1110
kitae1111,k2id-soep,k2id_educator,k2id-soep,kitae1111
kitae1112,k2id-soep,k2id_educator,k2id-soep,kitae1112
kitae1201a,k2id-soep,k2id_educator,k2id-soep,kitae1201a
kitae1201b,k2id-soep,k2id_educator,k2id-soep,kitae1201b
kitae1202a,k2id-soep,k2id_educator,k2id-soep,kitae1202a
kitae1202b,k2id-soep,k2id_educator,k2id-soep,kitae1202b
kitae1203a,k2id-soep,k2id_educator,k2id-soep,kitae1203a
kitae1203b,k2id-soep,k2id_educator,k2id-soep,kitae1203b
kitae1204a,k2id-soep,k2id_educator,k2id-soep,kitae1204a
kitae1204b,k2id-soep,k2id_educator,k2id-soep,kitae1204b
kitae1205a,k2id-soep,k2id_educator,k2id-soep,kitae1205a
kitae1205b,k2id-soep,k2id_educator,k2id-soep,kitae1205b
kitae1206a,k2id-soep,k2id_educator,k2id-soep,kitae1206a
kitae1206b,k2id-soep,k2id_educator,k2id-soep,kitae1206b
kitae1207a,k2id-soep,k2id_educator,k2id-soep,kitae1207a
kitae1207b,k2id-soep,k2id_educator,k2id-soep,kitae1207b
kitae1301,k2id-soep,k2id_educator,k2id-soep,kitae1301
kitae1302,k2id-soep,k2id_educator,k2id-soep,kitae1302
kitae1303,k2id-soep,k2id_educator,k2id-soep,kitae1303
kitae1304,k2id-soep,k2id_educator,k2id-soep,kitae1304
kitae1305,k2id-soep,k2id_educator,k2id-soep,kitae1305
kitae1306,k2id-soep,k2id_educator,k2id-soep,kitae1306
kitae1307,k2id-soep,k2id_educator,k2id-soep,kitae1307
kitae1308,k2id-soep,k2id_educator,k2id-soep,kitae1308
kitae1401,k2id-soep,k2id_educator,k2id-soep,kitae1401
kitae1402,k2id-soep,k2id_educator,k2id-soep,kitae1402
kitae1403,k2id-soep,k2id_educator,k2id-soep,kitae1403
kitae1404,k2id-soep,k2id_educator,k2id-soep,kitae1404
kitae1405,k2id-soep,k2id_educator,k2id-soep,kitae1405
kitae1406,k2id-soep,k2id_educator,k2id-soep,kitae1406
kitae1407,k2id-soep,k2id_educator,k2id-soep,kitae1407
kitae1501,k2id-soep,k2id_educator,k2id-soep,kitae1501
kitae1502,k2id-soep,k2id_educator,k2id-soep,kitae1502
kitae1503,k2id-soep,k2id_educator,k2id-soep,kitae1503
kitae1504,k2id-soep,k2id_educator,k2id-soep,kitae1504
kitae1505,k2id-soep,k2id_educator,k2id-soep,kitae1505
kitae1506,k2id-soep,k2id_educator,k2id-soep,kitae1506
kitae1507,k2id-soep,k2id_educator,k2id-soep,kitae1507
kitae1508,k2id-soep,k2id_educator,k2id-soep,kitae1508
kitae1509,k2id-soep,k2id_educator,k2id-soep,kitae1509
kitae1510,k2id-soep,k2id_educator,k2id-soep,kitae1510
kitae1511,k2id-soep,k2id_educator,k2id-soep,kitae1511
kitae1512,k2id-soep,k2id_educator,k2id-soep,kitae1512
kitae1513,k2id-soep,k2id_educator,k2id-soep,kitae1513
kitae1514,k2id-soep,k2id_educator,k2id-soep,kitae1514
kitae1515,k2id-soep,k2id_educator,k2id-soep,kitae1515
kitae1516,k2id-soep,k2id_educator,k2id-soep,kitae1516
kitae1517,k2id-soep,k2id_educator,k2id-soep,kitae1517
kitae1518,k2id-soep,k2id_educator,k2id-soep,kitae1518
kitae1601,k2id-soep,k2id_educator,k2id-soep,kitae1601
kitae1602,k2id-soep,k2id_educator,k2id-soep,kitae1602
kitae1701,k2id-soep,k2id_educator,k2id-soep,kitae1701
kitae1702,k2id-soep,k2id_educator,k2id-soep,kitae1702
kitae1703,k2id-soep,k2id_educator,k2id-soep,kitae1703
kitae1704,k2id-soep,k2id_educator,k2id-soep,kitae1704
kitae1705,k2id-soep,k2id_educator,k2id-soep,kitae1705
kitae1801,k2id-soep,k2id_educator,k2id-soep,kitae1801
kitae2001,k2id-soep,k2id_educator,k2id-soep,kitae2001
kitae2002,k2id-soep,k2id_educator,k2id-soep,kitae2002
kitae2003,k2id-soep,k2id_educator,k2id-soep,kitae2003
kitae2004,k2id-soep,k2id_educator,k2id-soep,kitae2004
kitae2005,k2id-soep,k2id_educator,k2id-soep,kitae2005
kitae2006,k2id-soep,k2id_educator,k2id-soep,kitae2006
kitae2101,k2id-soep,k2id_educator,k2id-soep,kitae2101
kitae2201,k2id-soep,k2id_educator,k2id-soep,kitae2201
kitae2202,k2id-soep,k2id_educator,k2id-soep,kitae2202
kitae2203,k2id-soep,k2id_educator,k2id-soep,kitae2203
kitae2204,k2id-soep,k2id_educator,k2id-soep,kitae2204
kitae2205,k2id-soep,k2id_educator,k2id-soep,kitae2205
kitae2206,k2id-soep,k2id_educator,k2id-soep,kitae2206
kitae2207,k2id-soep,k2id_educator,k2id-soep,kitae2207
kitae2208,k2id-soep,k2id_educator,k2id-soep,kitae2208
kitae2209,k2id-soep,k2id_educator,k2id-soep,kitae2209
kitae2210,k2id-soep,k2id_educator,k2id-soep,kitae2210
kitae2301,k2id-soep,k2id_educator,k2id-soep,kitae2301
kitae2401,k2id-soep,k2id_educator,k2id-soep,kitae2401
kitae2501,k2id-soep,k2id_educator,k2id-soep,kitae2501
kitae2502,k2id-soep,k2id_educator,k2id-soep,kitae2502
kitae2503,k2id-soep,k2id_educator,k2id-soep,kitae2503
kitae2504,k2id-soep,k2id_educator,k2id-soep,kitae2504
kitae2505,k2id-soep,k2id_educator,k2id-soep,kitae2505
kitae2506,k2id-soep,k2id_educator,k2id-soep,kitae2506
kitae2507,k2id-soep,k2id_educator,k2id-soep,kitae2507
kitae2508,k2id-soep,k2id_educator,k2id-soep,kitae2508
kitae2509,k2id-soep,k2id_educator,k2id-soep,kitae2509
kitae2510,k2id-soep,k2id_educator,k2id-soep,kitae2510
kitae2511,k2id-soep,k2id_educator,k2id-soep,kitae2511
kitae2512,k2id-soep,k2id_educator,k2id-soep,kitae2512
kitae2513,k2id-soep,k2id_educator,k2id-soep,kitae2513
kitae2514,k2id-soep,k2id_educator,k2id-soep,kitae2514
kitae2515,k2id-soep,k2id_educator,k2id-soep,kitae2515
kitae2516,k2id-soep,k2id_educator,k2id-soep,kitae2516
kitae2517,k2id-soep,k2id_educator,k2id-soep,kitae2517
kitae2518,k2id-soep,k2id_educator,k2id-soep,kitae2518
kitae2519,k2id-soep,k2id_educator,k2id-soep,kitae2519
kitae2520,k2id-soep,k2id_educator,k2id-soep,kitae2520
kitae2521,k2id-soep,k2id_educator,k2id-soep,kitae2521
kitae2601,k2id-soep,k2id_educator,k2id-soep,kitae2601
kitae2602,k2id-soep,k2id_educator,k2id-soep,kitae2602
kitae2701,k2id-soep,k2id_educator,k2id-soep,kitae2701
kitae2702,k2id-soep,k2id_educator,k2id-soep,kitae2702
kitae28,k2id-soep,k2id_educator,k2id-soep,kitae28
kitae29,k2id-soep,k2id_educator,k2id-soep,kitae29
kitae30,k2id-soep,k2id_educator,k2id-soep,kitae30
kitae3101,k2id-soep,k2id_educator,k2id-soep,kitae3101
kitae32,k2id-soep,k2id_educator,k2id-soep,kitae32
kitae3301,k2id-soep,k2id_educator,k2id-soep,kitae3301
kitae3302,k2id-soep,k2id_educator,k2id-soep,kitae3302
kitae34,k2id-soep,k2id_educator,k2id-soep,kitae34
kitae3501,k2id-soep,k2id_educator,k2id-soep,kitae3501
kitae3502,k2id-soep,k2id_educator,k2id-soep,kitae3502
kitae3601a,k2id-soep,k2id_educator,k2id-soep,kitae3601a
kitae3601b,k2id-soep,k2id_educator,k2id-soep,kitae3601b
kitae3602a,k2id-soep,k2id_educator,k2id-soep,kitae3602a
kitae3602b,k2id-soep,k2id_educator,k2id-soep,kitae3602b
kitae3603a,k2id-soep,k2id_educator,k2id-soep,kitae3603a
kitae3603b,k2id-soep,k2id_educator,k2id-soep,kitae3603b
kitae3604a,k2id-soep,k2id_educator,k2id-soep,kitae3604a
kitae3604b,k2id-soep,k2id_educator,k2id-soep,kitae3604b
kitae3605a,k2id-soep,k2id_educator,k2id-soep,kitae3605a
kitae3605b,k2id-soep,k2id_educator,k2id-soep,kitae3605b
kitae3606a,k2id-soep,k2id_educator,k2id-soep,kitae3606a
kitae3606b,k2id-soep,k2id_educator,k2id-soep,kitae3606b
kitae3607a,k2id-soep,k2id_educator,k2id-soep,kitae3607a
kitae3607b,k2id-soep,k2id_educator,k2id-soep,kitae3607b
kitae3701,k2id-soep,k2id_educator,k2id-soep,kitae3701
kitae3702,k2id-soep,k2id_educator,k2id-soep,kitae3702
kitae3703,k2id-soep,k2id_educator,k2id-soep,kitae3703
kitae38,k2id-soep,k2id_educator,k2id-soep,kitae38
kitae3901,k2id-soep,k2id_educator,k2id-soep,kitae3901
kitae4001,k2id-soep,k2id_educator,k2id-soep,kitae4001
kitae4002,k2id-soep,k2id_educator,k2id-soep,kitae4002
kitaid,k2id-soep,k2id_director,k2id-soep,kitaid
iwave,k2id-soep,k2id_director,k2id-soep,iwave
idaty,k2id-soep,k2id_director,k2id-soep,idaty
idatm,k2id-soep,k2id_director,k2id-soep,idatm
idatd,k2id-soep,k2id_director,k2id-soep,idatd
klform,k2id-soep,k2id_director,k2id-soep,klform
dcomp,k2id-soep,k2id_director,k2id-soep,dcomp
kitad01,k2id-soep,k2id_director,k2id-soep,kitad01
kitad0201,k2id-soep,k2id_director,k2id-soep,kitad0201
kitad0202,k2id-soep,k2id_director,k2id-soep,kitad0202
kitad0203,k2id-soep,k2id_director,k2id-soep,kitad0203
kitad0204,k2id-soep,k2id_director,k2id-soep,kitad0204
kitad03,k2id-soep,k2id_director,k2id-soep,kitad03
kitad04,k2id-soep,k2id_director,k2id-soep,kitad04
kitad0501,k2id-soep,k2id_director,k2id-soep,kitad0501
kitad0502,k2id-soep,k2id_director,k2id-soep,kitad0502
kitad0503,k2id-soep,k2id_director,k2id-soep,kitad0503
kitad0504,k2id-soep,k2id_director,k2id-soep,kitad0504
kitad0505,k2id-soep,k2id_director,k2id-soep,kitad0505
kitad0601a,k2id-soep,k2id_director,k2id-soep,kitad0601a
kitad0601b,k2id-soep,k2id_director,k2id-soep,kitad0601b
kitad0601c,k2id-soep,k2id_director,k2id-soep,kitad0601c
kitad0601d,k2id-soep,k2id_director,k2id-soep,kitad0601d
kitad0602a,k2id-soep,k2id_director,k2id-soep,kitad0602a
kitad0602b,k2id-soep,k2id_director,k2id-soep,kitad0602b
kitad0602c,k2id-soep,k2id_director,k2id-soep,kitad0602c
kitad0602d,k2id-soep,k2id_director,k2id-soep,kitad0602d
kitad0603a,k2id-soep,k2id_director,k2id-soep,kitad0603a
kitad0603b,k2id-soep,k2id_director,k2id-soep,kitad0603b
kitad0603c,k2id-soep,k2id_director,k2id-soep,kitad0603c
kitad0603d,k2id-soep,k2id_director,k2id-soep,kitad0603d
kitad0604a,k2id-soep,k2id_director,k2id-soep,kitad0604a
kitad0604b,k2id-soep,k2id_director,k2id-soep,kitad0604b
kitad0604c,k2id-soep,k2id_director,k2id-soep,kitad0604c
kitad0604d,k2id-soep,k2id_director,k2id-soep,kitad0604d
kitad0701,k2id-soep,k2id_director,k2id-soep,kitad0701
kitad0702,k2id-soep,k2id_director,k2id-soep,kitad0702
kitad0801,k2id-soep,k2id_director,k2id-soep,kitad0801
kitad0802,k2id-soep,k2id_director,k2id-soep,kitad0802
kitad0803,k2id-soep,k2id_director,k2id-soep,kitad0803
kitad0901,k2id-soep,k2id_director,k2id-soep,kitad0901
kitad0902,k2id-soep,k2id_director,k2id-soep,kitad0902
kitad0903,k2id-soep,k2id_director,k2id-soep,kitad0903
kitad0904,k2id-soep,k2id_director,k2id-soep,kitad0904
kitad0905,k2id-soep,k2id_director,k2id-soep,kitad0905
kitad0906,k2id-soep,k2id_director,k2id-soep,kitad0906
kitad0907,k2id-soep,k2id_director,k2id-soep,kitad0907
kitad0908,k2id-soep,k2id_director,k2id-soep,kitad0908
kitad0909,k2id-soep,k2id_director,k2id-soep,kitad0909
kitad0911,k2id-soep,k2id_director,k2id-soep,kitad0911
kitad10,k2id-soep,k2id_director,k2id-soep,kitad10
kitad1101,k2id-soep,k2id_director,k2id-soep,kitad1101
kitad1102,k2id-soep,k2id_director,k2id-soep,kitad1102
kitad1103,k2id-soep,k2id_director,k2id-soep,kitad1103
kitad1104,k2id-soep,k2id_director,k2id-soep,kitad1104
kitad1105,k2id-soep,k2id_director,k2id-soep,kitad1105
kitad1106,k2id-soep,k2id_director,k2id-soep,kitad1106
kitad1201,k2id-soep,k2id_director,k2id-soep,kitad1201
kitad1202,k2id-soep,k2id_director,k2id-soep,kitad1202
kitad1203,k2id-soep,k2id_director,k2id-soep,kitad1203
kitad1204,k2id-soep,k2id_director,k2id-soep,kitad1204
kitad1301,k2id-soep,k2id_director,k2id-soep,kitad1301
kitad1302,k2id-soep,k2id_director,k2id-soep,kitad1302
kitad1303,k2id-soep,k2id_director,k2id-soep,kitad1303
kitad1304,k2id-soep,k2id_director,k2id-soep,kitad1304
kitad1305,k2id-soep,k2id_director,k2id-soep,kitad1305
kitad1401,k2id-soep,k2id_director,k2id-soep,kitad1401
kitad1402,k2id-soep,k2id_director,k2id-soep,kitad1402
kitad1403,k2id-soep,k2id_director,k2id-soep,kitad1403
kitad15,k2id-soep,k2id_director,k2id-soep,kitad15
kitad1601,k2id-soep,k2id_director,k2id-soep,kitad1601
kitad1602,k2id-soep,k2id_director,k2id-soep,kitad1602
kitad1701,k2id-soep,k2id_director,k2id-soep,kitad1701
kitad1702,k2id-soep,k2id_director,k2id-soep,kitad1702
kitad1703,k2id-soep,k2id_director,k2id-soep,kitad1703
kitad1801,k2id-soep,k2id_director,k2id-soep,kitad1801
kitad1802,k2id-soep,k2id_director,k2id-soep,kitad1802
kitad1803,k2id-soep,k2id_director,k2id-soep,kitad1803
kitad1901,k2id-soep,k2id_director,k2id-soep,kitad1901
kitad1902,k2id-soep,k2id_director,k2id-soep,kitad1902
kitad1903,k2id-soep,k2id_director,k2id-soep,kitad1903
kitad1904,k2id-soep,k2id_director,k2id-soep,kitad1904
kitad2001,k2id-soep,k2id_director,k2id-soep,kitad2001
kitad2002,k2id-soep,k2id_director,k2id-soep,kitad2002
kitad2003,k2id-soep,k2id_director,k2id-soep,kitad2003
kitad2004,k2id-soep,k2id_director,k2id-soep,kitad2004
kitad2005,k2id-soep,k2id_director,k2id-soep,kitad2005
kitad2101,k2id-soep,k2id_director,k2id-soep,kitad2101
kitad2102,k2id-soep,k2id_director,k2id-soep,kitad2102
kitad2103,k2id-soep,k2id_director,k2id-soep,kitad2103
kitad2104,k2id-soep,k2id_director,k2id-soep,kitad2104
kitad2105,k2id-soep,k2id_director,k2id-soep,kitad2105
kitad2106,k2id-soep,k2id_director,k2id-soep,kitad2106
kitad2108,k2id-soep,k2id_director,k2id-soep,kitad2108
kitad2201,k2id-soep,k2id_director,k2id-soep,kitad2201
kitad2202,k2id-soep,k2id_director,k2id-soep,kitad2202
kitad2203,k2id-soep,k2id_director,k2id-soep,kitad2203
kitad2204,k2id-soep,k2id_director,k2id-soep,kitad2204
kitad2205,k2id-soep,k2id_director,k2id-soep,kitad2205
kitad2206,k2id-soep,k2id_director,k2id-soep,kitad2206
kitad2207,k2id-soep,k2id_director,k2id-soep,kitad2207
kitad2208,k2id-soep,k2id_director,k2id-soep,kitad2208
kitad2209,k2id-soep,k2id_director,k2id-soep,kitad2209
kitad2210,k2id-soep,k2id_director,k2id-soep,kitad2210
kitad2211,k2id-soep,k2id_director,k2id-soep,kitad2211
kitad2212,k2id-soep,k2id_director,k2id-soep,kitad2212
kitad23,k2id-soep,k2id_director,k2id-soep,kitad23
kitad24,k2id-soep,k2id_director,k2id-soep,kitad24
kitad2501,k2id-soep,k2id_director,k2id-soep,kitad2501
kitad2502,k2id-soep,k2id_director,k2id-soep,kitad2502
kitad2503,k2id-soep,k2id_director,k2id-soep,kitad2503
kitad2504,k2id-soep,k2id_director,k2id-soep,kitad2504
kitad2505,k2id-soep,k2id_director,k2id-soep,kitad2505
kitad2506,k2id-soep,k2id_director,k2id-soep,kitad2506
kitad2507,k2id-soep,k2id_director,k2id-soep,kitad2507
kitad2508,k2id-soep,k2id_director,k2id-soep,kitad2508
kitad2509,k2id-soep,k2id_director,k2id-soep,kitad2509
kitad2510,k2id-soep,k2id_director,k2id-soep,kitad2510
kitad2511,k2id-soep,k2id_director,k2id-soep,kitad2511
kitad2512,k2id-soep,k2id_director,k2id-soep,kitad2512
kitad2513,k2id-soep,k2id_director,k2id-soep,kitad2513
kitad2601a,k2id-soep,k2id_director,k2id-soep,kitad2601a
kitad2601b,k2id-soep,k2id_director,k2id-soep,kitad2601b
kitad2601c,k2id-soep,k2id_director,k2id-soep,kitad2601c
kitad2601d,k2id-soep,k2id_director,k2id-soep,kitad2601d
kitad2601e,k2id-soep,k2id_director,k2id-soep,kitad2601e
kitad2601f,k2id-soep,k2id_director,k2id-soep,kitad2601f
kitad2601g,k2id-soep,k2id_director,k2id-soep,kitad2601g
kitad2601h,k2id-soep,k2id_director,k2id-soep,kitad2601h
kitad2602a,k2id-soep,k2id_director,k2id-soep,kitad2602a
kitad2602b,k2id-soep,k2id_director,k2id-soep,kitad2602b
kitad2602c,k2id-soep,k2id_director,k2id-soep,kitad2602c
kitad2602d,k2id-soep,k2id_director,k2id-soep,kitad2602d
kitad2602e,k2id-soep,k2id_director,k2id-soep,kitad2602e
kitad2602f,k2id-soep,k2id_director,k2id-soep,kitad2602f
kitad2602g,k2id-soep,k2id_director,k2id-soep,kitad2602g
kitad2602h,k2id-soep,k2id_director,k2id-soep,kitad2602h
kitad2603a,k2id-soep,k2id_director,k2id-soep,kitad2603a
kitad2603b,k2id-soep,k2id_director,k2id-soep,kitad2603b
kitad2603c,k2id-soep,k2id_director,k2id-soep,kitad2603c
kitad2603d,k2id-soep,k2id_director,k2id-soep,kitad2603d
kitad2603e,k2id-soep,k2id_director,k2id-soep,kitad2603e
kitad2603f,k2id-soep,k2id_director,k2id-soep,kitad2603f
kitad2603g,k2id-soep,k2id_director,k2id-soep,kitad2603g
kitad2603h,k2id-soep,k2id_director,k2id-soep,kitad2603h
kitad2604a,k2id-soep,k2id_director,k2id-soep,kitad2604a
kitad2604b,k2id-soep,k2id_director,k2id-soep,kitad2604b
kitad2604c,k2id-soep,k2id_director,k2id-soep,kitad2604c
kitad2604d,k2id-soep,k2id_director,k2id-soep,kitad2604d
kitad2604e,k2id-soep,k2id_director,k2id-soep,kitad2604e
kitad2604f,k2id-soep,k2id_director,k2id-soep,kitad2604f
kitad2604g,k2id-soep,k2id_director,k2id-soep,kitad2604g
kitad2604h,k2id-soep,k2id_director,k2id-soep,kitad2604h
kitad2605a,k2id-soep,k2id_director,k2id-soep,kitad2605a
kitad2605b,k2id-soep,k2id_director,k2id-soep,kitad2605b
kitad2605c,k2id-soep,k2id_director,k2id-soep,kitad2605c
kitad2605d,k2id-soep,k2id_director,k2id-soep,kitad2605d
kitad2605e,k2id-soep,k2id_director,k2id-soep,kitad2605e
kitad2605f,k2id-soep,k2id_director,k2id-soep,kitad2605f
kitad2605g,k2id-soep,k2id_director,k2id-soep,kitad2605g
kitad2605h,k2id-soep,k2id_director,k2id-soep,kitad2605h
kitad2606a,k2id-soep,k2id_director,k2id-soep,kitad2606a
kitad2606b,k2id-soep,k2id_director,k2id-soep,kitad2606b
kitad2606c,k2id-soep,k2id_director,k2id-soep,kitad2606c
kitad2606d,k2id-soep,k2id_director,k2id-soep,kitad2606d
kitad2606e,k2id-soep,k2id_director,k2id-soep,kitad2606e
kitad2606f,k2id-soep,k2id_director,k2id-soep,kitad2606f
kitad2606g,k2id-soep,k2id_director,k2id-soep,kitad2606g
kitad2606h,k2id-soep,k2id_director,k2id-soep,kitad2606h
kitad2607a,k2id-soep,k2id_director,k2id-soep,kitad2607a
kitad2607b,k2id-soep,k2id_director,k2id-soep,kitad2607b
kitad2607c,k2id-soep,k2id_director,k2id-soep,kitad2607c
kitad2607d,k2id-soep,k2id_director,k2id-soep,kitad2607d
kitad2607e,k2id-soep,k2id_director,k2id-soep,kitad2607e
kitad2607f,k2id-soep,k2id_director,k2id-soep,kitad2607f
kitad2607g,k2id-soep,k2id_director,k2id-soep,kitad2607g
kitad2607h,k2id-soep,k2id_director,k2id-soep,kitad2607h
kitad27,k2id-soep,k2id_director,k2id-soep,kitad27
kitad2801,k2id-soep,k2id_director,k2id-soep,kitad2801
kitad2802,k2id-soep,k2id_director,k2id-soep,kitad2802
kitad2803,k2id-soep,k2id_director,k2id-soep,kitad2803
kitad2804,k2id-soep,k2id_director,k2id-soep,kitad2804
kitad2805,k2id-soep,k2id_director,k2id-soep,kitad2805
kitad2806,k2id-soep,k2id_director,k2id-soep,kitad2806
kitad2807,k2id-soep,k2id_director,k2id-soep,kitad2807
kitad2808,k2id-soep,k2id_director,k2id-soep,kitad2808
kitad2809,k2id-soep,k2id_director,k2id-soep,kitad2809
kitad2810,k2id-soep,k2id_director,k2id-soep,kitad2810
kitad2811,k2id-soep,k2id_director,k2id-soep,kitad2811
kitad2812,k2id-soep,k2id_director,k2id-soep,kitad2812
kitad2813,k2id-soep,k2id_director,k2id-soep,kitad2813
kitad2814,k2id-soep,k2id_director,k2id-soep,kitad2814
kitad2815,k2id-soep,k2id_director,k2id-soep,kitad2815
kitad2816,k2id-soep,k2id_director,k2id-soep,kitad2816
kitad2817,k2id-soep,k2id_director,k2id-soep,kitad2817
kitad2818,k2id-soep,k2id_director,k2id-soep,kitad2818
kitad2819,k2id-soep,k2id_director,k2id-soep,kitad2819
kitad2820,k2id-soep,k2id_director,k2id-soep,kitad2820
kitad2821,k2id-soep,k2id_director,k2id-soep,kitad2821
kitad29,k2id-soep,k2id_director,k2id-soep,kitad29
kitad3001,k2id-soep,k2id_director,k2id-soep,kitad3001
kitad3002,k2id-soep,k2id_director,k2id-soep,kitad3002
kitad3003,k2id-soep,k2id_director,k2id-soep,kitad3003
kitad3004,k2id-soep,k2id_director,k2id-soep,kitad3004
kitad3005,k2id-soep,k2id_director,k2id-soep,kitad3005
kitad3006,k2id-soep,k2id_director,k2id-soep,kitad3006
kitad3007,k2id-soep,k2id_director,k2id-soep,kitad3007
kitad3008,k2id-soep,k2id_director,k2id-soep,kitad3008
kitad3101,k2id-soep,k2id_director,k2id-soep,kitad3101
kitad3102,k2id-soep,k2id_director,k2id-soep,kitad3102
kitad3103,k2id-soep,k2id_director,k2id-soep,kitad3103
kitad3201a,k2id-soep,k2id_director,k2id-soep,kitad3201a
kitad3201b,k2id-soep,k2id_director,k2id-soep,kitad3201b
kitad3201c,k2id-soep,k2id_director,k2id-soep,kitad3201c
kitad3202a,k2id-soep,k2id_director,k2id-soep,kitad3202a
kitad3202b,k2id-soep,k2id_director,k2id-soep,kitad3202b
kitad3202c,k2id-soep,k2id_director,k2id-soep,kitad3202c
kitad3203a,k2id-soep,k2id_director,k2id-soep,kitad3203a
kitad3203b,k2id-soep,k2id_director,k2id-soep,kitad3203b
kitad3203c,k2id-soep,k2id_director,k2id-soep,kitad3203c
kitad3204a,k2id-soep,k2id_director,k2id-soep,kitad3204a
kitad3204b,k2id-soep,k2id_director,k2id-soep,kitad3204b
kitad3204c,k2id-soep,k2id_director,k2id-soep,kitad3204c
kitad3205a,k2id-soep,k2id_director,k2id-soep,kitad3205a
kitad3205b,k2id-soep,k2id_director,k2id-soep,kitad3205b
kitad3205c,k2id-soep,k2id_director,k2id-soep,kitad3205c
kitad3206a,k2id-soep,k2id_director,k2id-soep,kitad3206a
kitad3206b,k2id-soep,k2id_director,k2id-soep,kitad3206b
kitad3206c,k2id-soep,k2id_director,k2id-soep,kitad3206c
kitad3207a,k2id-soep,k2id_director,k2id-soep,kitad3207a
kitad3207b,k2id-soep,k2id_director,k2id-soep,kitad3207b
kitad3207c,k2id-soep,k2id_director,k2id-soep,kitad3207c
kitad3208a,k2id-soep,k2id_director,k2id-soep,kitad3208a
kitad3208b,k2id-soep,k2id_director,k2id-soep,kitad3208b
kitad3208c,k2id-soep,k2id_director,k2id-soep,kitad3208c
kitad3209a,k2id-soep,k2id_director,k2id-soep,kitad3209a
kitad3209b,k2id-soep,k2id_director,k2id-soep,kitad3209b
kitad3209c,k2id-soep,k2id_director,k2id-soep,kitad3209c
kitad3210a,k2id-soep,k2id_director,k2id-soep,kitad3210a
kitad3210b,k2id-soep,k2id_director,k2id-soep,kitad3210b
kitad3210c,k2id-soep,k2id_director,k2id-soep,kitad3210c
kitad3211a,k2id-soep,k2id_director,k2id-soep,kitad3211a
kitad3211b,k2id-soep,k2id_director,k2id-soep,kitad3211b
kitad3211c,k2id-soep,k2id_director,k2id-soep,kitad3211c
kitad3301,k2id-soep,k2id_director,k2id-soep,kitad3301
kitad3302,k2id-soep,k2id_director,k2id-soep,kitad3302
kitad34,k2id-soep,k2id_director,k2id-soep,kitad34
kitad35,k2id-soep,k2id_director,k2id-soep,kitad35
kitad36,k2id-soep,k2id_director,k2id-soep,kitad36
kitad37,k2id-soep,k2id_director,k2id-soep,kitad37
kitad38,k2id-soep,k2id_director,k2id-soep,kitad38
kitad3901,k2id-soep,k2id_director,k2id-soep,kitad3901
kitad3902,k2id-soep,k2id_director,k2id-soep,kitad3902
kitad40,k2id-soep,k2id_director,k2id-soep,kitad40
kitad41,k2id-soep,k2id_director,k2id-soep,kitad41
kitad4201,k2id-soep,k2id_director,k2id-soep,kitad4201
kitad4201a,k2id-soep,k2id_director,k2id-soep,kitad4201a
kitad4201b,k2id-soep,k2id_director,k2id-soep,kitad4201b
kitad4301a,k2id-soep,k2id_director,k2id-soep,kitad4301a
kitad4301b,k2id-soep,k2id_director,k2id-soep,kitad4301b
kitad4302a,k2id-soep,k2id_director,k2id-soep,kitad4302a
kitad4302b,k2id-soep,k2id_director,k2id-soep,kitad4302b
kitad4303a,k2id-soep,k2id_director,k2id-soep,kitad4303a
kitad4303b,k2id-soep,k2id_director,k2id-soep,kitad4303b
kitad4304a,k2id-soep,k2id_director,k2id-soep,kitad4304a
kitad4304b,k2id-soep,k2id_director,k2id-soep,kitad4304b
kitad4305a,k2id-soep,k2id_director,k2id-soep,kitad4305a
kitad4305b,k2id-soep,k2id_director,k2id-soep,kitad4305b
kitad4306a,k2id-soep,k2id_director,k2id-soep,kitad4306a
kitad4306b,k2id-soep,k2id_director,k2id-soep,kitad4306b
kitad4307a,k2id-soep,k2id_director,k2id-soep,kitad4307a
kitad4307b,k2id-soep,k2id_director,k2id-soep,kitad4307b
kitad4401,k2id-soep,k2id_director,k2id-soep,kitad4401
kitad4402,k2id-soep,k2id_director,k2id-soep,kitad4402
kitad4403,k2id-soep,k2id_director,k2id-soep,kitad4403
kitad45,k2id-soep,k2id_director,k2id-soep,kitad45
kitad46a,k2id-soep,k2id_director,k2id-soep,kitad46a
kitad46c,k2id-soep,k2id_director,k2id-soep,kitad46c
kitad46d,k2id-soep,k2id_director,k2id-soep,kitad46d
kitad4701,k2id-soep,k2id_director,k2id-soep,kitad4701
kitad4702,k2id-soep,k2id_director,k2id-soep,kitad4702
kitad48,k2id-soep,k2id_director,k2id-soep,kitad48
kitadfoc2,k2id-soep,k2id_director,k2id-soep,kitadfoc2
kitadfoc3,k2id-soep,k2id_director,k2id-soep,kitadfoc3
kitadfoc4,k2id-soep,k2id_director,k2id-soep,kitadfoc4
kitadfoc5,k2id-soep,k2id_director,k2id-soep,kitadfoc5
kitadfoc6,k2id-soep,k2id_director,k2id-soep,kitadfoc6
kitadfoc7,k2id-soep,k2id_director,k2id-soep,kitadfoc7
kitadfoc8,k2id-soep,k2id_director,k2id-soep,kitadfoc8
kitadfoc9,k2id-soep,k2id_director,k2id-soep,kitadfoc9
kitadfoc10,k2id-soep,k2id_director,k2id-soep,kitadfoc10
kitadfoc11,k2id-soep,k2id_director,k2id-soep,kitadfoc11
kitadcr1,k2id-soep,k2id_director,k2id-soep,kitadcr1
kitadcr2,k2id-soep,k2id_director,k2id-soep,kitadcr2
kitadcr3,k2id-soep,k2id_director,k2id-soep,kitadcr3
kitadcr4,k2id-soep,k2id_director,k2id-soep,kitadcr4
kitadcr5,k2id-soep,k2id_director,k2id-soep,kitadcr5
kitadcr6,k2id-soep,k2id_director,k2id-soep,kitadcr6
kitadcr7,k2id-soep,k2id_director,k2id-soep,kitadcr7
kitadcr8,k2id-soep,k2id_director,k2id-soep,kitadcr8
kitadcr9,k2id-soep,k2id_director,k2id-soep,kitadcr9
